{
  "logreg_mean": {
    "auc": 0.5099174013816345,
    "acc": 0.9377731165880091
  },
  "rf_mean": {
    "auc": 0.5011228171701982,
    "acc": 0.9439158988188878
  },
  "logreg_last": {
    "auc": 0.5027306977272012,
    "acc": 0.9435663095862362
  }
}