{
  "feature_hash": "8dd327ebe7d0",
  "n_features": 6,
  "results": {
    "XGBoost (mean)": {
      "auc": 0.5066852783276959,
      "ap": 0.06270496731468593,
      "acc": 0.9406384997627787
    },
    "XGBoost (last)": {
      "auc": 0.5045292980446024,
      "ap": 0.05850219382541113,
      "acc": 0.9432791470022723
    },
    "Random Forest": {
      "auc": 0.5073391121293013,
      "ap": 0.06309589330813256,
      "acc": 0.9407654339484439
    },
    "Logistic Reg": {
      "auc": 0.5078351177221594,
      "ap": 0.06201083877108309,
      "acc": 0.9404865949176384
    }
  }
}